{"stats":{"minecraft:mined":{"minecraft:grass":31,"minecraft:grass_block":2,"minecraft:melon":1,"minecraft:dirt":2,"minecraft:jungle_leaves":1,"minecraft:fern":11},"minecraft:used":{"minecraft:dirt":4,"minecraft:melon_slice":3},"minecraft:killed":{"minecraft:chicken":3},"minecraft:picked_up":{"minecraft:feather":2,"minecraft:chicken":3,"minecraft:wheat_seeds":3,"minecraft:melon_slice":6,"minecraft:dirt":4},"minecraft:custom":{"minecraft:time_since_rest":6612,"minecraft:crouch_one_cm":90,"minecraft:play_time":6612,"minecraft:sprint_one_cm":22335,"minecraft:damage_taken":50,"minecraft:walk_one_cm":12702,"minecraft:sneak_time":56,"minecraft:mob_kills":3,"minecraft:drop":11,"minecraft:jump":159,"minecraft:damage_dealt":130,"minecraft:leave_game":1,"minecraft:time_since_death":6612,"minecraft:climb_one_cm":75,"minecraft:total_world_time":6612,"minecraft:fly_one_cm":21897,"minecraft:fall_one_cm":5066},"minecraft:dropped":{"minecraft:chicken":3,"minecraft:feather":2,"minecraft:wheat_seeds":3,"minecraft:melon_slice":3}},"DataVersion":3578}